"","Yr","Player"
"1",2010,"Chris Bosh"
"2",2010,"Kevin Garnett"
"3",2010,"Al Horford"
"4",2010,"Dwight Howard"
"5",2010,"Allen Iverson"
"6",2010,"LeBron James"
"7",2010,"Joe Johnson"
"8",2010,"David Lee"
"9",2010,"Paul Pierce"
"10",2010,"Rajon Rondo"
"11",2010,"Derrick Rose"
"12",2010,"Dwyane Wade"
"13",2010,"Gerald Wallace"
"14",2010,"Carmelo Anthony"
"15",2010,"Chauncey Billups"
"16",2010,"Kobe Bryant"
"17",2010,"Tim Duncan"
"18",2010,"Kevin Durant"
"19",2010,"Pau Gasol"
"20",2010,"Chris Kaman"
"21",2010,"Jason Kidd"
"22",2010,"Steve Nash"
"23",2010,"Dirk Nowitzki"
"24",2010,"Chris Paul"
"25",2010,"Zach Randolph"
"26",2010,"Brandon Roy"
"27",2010,"Amar'e Stoudemire"
"28",2010,"Deron Williams"
